FKEXAME,FKPESSOA,NRATENDIMENTO,DTEXAME,TPEXAME,RESULTADO,UNIDADE
8001,5001,7001,2026-02-07T06:30:00,HB,9.4,g/dL
8002,5001,7001,2026-02-07T06:30:00,HT,29.1,%
8003,5001,7001,2026-02-07T06:30:00,LEUCO,14300,/mm3
8004,5001,7001,2026-02-07T06:30:00,PLAQ,212000,/mm3
8005,5001,7001,2026-02-07T06:30:00,CR,1.84,mg/dL
8006,5001,7001,2026-02-07T06:30:00,UR,72,mg/dL
8007,5001,7001,2026-02-07T06:30:00,NA,137,mEq/L
8008,5001,7001,2026-02-07T06:30:00,K,4.2,mEq/L
8009,5001,7001,2026-02-07T06:30:00,PCR,86,mg/L
8010,5001,7001,2026-02-07T06:30:00,TGO,34,U/L
8011,5001,7001,2026-02-07T06:30:00,TGP,41,U/L
8012,5001,7001,2026-02-07T06:30:00,INR,1.2,
8013,5001,7001,2026-02-06T06:30:00,CR,1.52,mg/dL
8014,5002,7002,2026-02-07T07:20:00,HB,12.8,g/dL
8015,5002,7002,2026-02-07T07:20:00,LEUCO,8200,/mm3
8016,5002,7002,2026-02-07T07:20:00,CR,0.8,mg/dL
