FKHOSPITAL,FKMEDICAMENTO,NOME,CUSTO,FKUNIDADEMEDIDACUSTO,NAOPADRONIZADO
1,2001,DIPIRONA SÓDICA 500MG/ML AMP 2ML,0.74,AMP,0
1,2002,CEFTRIAXONA SÓDICA 1G FA,8.42,FA,0
1,2003,OMEPRAZOL SODICO 40MG FA,4.19,FA,0
1,2004,ENOXAPARINA SÓDICA 40MG/0.4ML SER,21.80,SER,0
1,2005,FUROSEMIDA 10MG/ML AMP 2ML,1.06,AMP,0
1,2006,INSULINA REGULAR 100UI/ML FA 10ML,0.31,UI,0
1,2007,NORADRENALINA 4MG/4ML AMP,12.55,AMP,0
1,2008,CLORETO DE SÓDIO 0.9% 250ML BOLSA,3.90,ML,0
1,2009,DIETA ENTERAL HIPERPROTEICA 1000ML,28.70,ML,0
1,2010,HEMOGRAMA COMPLETO,9.15,UND,0
1,2011,RAIO-X DE TÓRAX PA E PERFIL,26.40,UND,0
1,2012,LOSARTANA POTÁSSICA 50MG CP,0.18,CP,0
1,2013,METOCLOPRAMIDA 5MG/ML AMP 2ML,0.92,AMP,0
1,2014,SULFAMETOXAZOL + TRIMETOPRIMA 400/80MG CP,0.27,CP,1
